"Symbol","TradingDate","Volatility"
"000001","2010-12-31","0.375077"
"000002","2010-12-31","0.360978"
"000004","2010-12-31","0.382118"
"000005","2010-12-31","0.409691"
"000006","2010-12-31","0.502408"
"000007","2010-12-31","0.348227"
"000008","2010-12-31","0.386580"
"000009","2010-12-31","0.542583"
"000011","2010-12-31","0.537874"
"000012","2010-12-31","0.551724"
"000014","2010-12-31","0.472846"
"000016","2010-12-31","0.437219"
"000017","2010-12-31","1.376717"
"000018","2010-12-31","0.322665"
"000019","2010-12-31","0.588286"
"000020","2010-12-31","0.549881"
"000021","2010-12-31","0.469270"
"000022","2010-12-31","0.335054"
"000023","2010-12-31","0.450111"
"000024","2010-12-31","0.473832"
"000025","2010-12-31","0.429870"
"000026","2010-12-31","0.409577"
"000027","2010-12-31","0.301598"
"000028","2010-12-31","0.429499"
"000029","2010-12-31","0.478335"
"000031","2010-12-31","0.383752"
"000032","2010-12-31","0.490713"
"000033","2010-12-31","0.371733"
"000034","2010-12-31","0.470088"
"000035","2010-12-31","0.394749"
"000036","2010-12-31","0.426330"
"000037","2010-12-31","0.428713"
"000039","2010-12-31","0.415767"
"000040","2010-12-31","0.460371"
"000042","2010-12-31","0.491618"
"000043","2010-12-31","0.484725"
"000045","2010-12-31","0.497441"
"000046","2010-12-31","0.451750"
"000048","2010-12-31","0.360414"
"000049","2010-12-31","0.588889"
"000050","2010-12-31","0.585848"
"000055","2010-12-31","0.480377"
"000058","2010-12-31","0.454619"
"000060","2010-12-31","0.529130"
"000061","2010-12-31","0.456402"
"000062","2010-12-31","0.400105"
"000063","2010-12-31","0.413349"
"000065","2010-12-31","0.444922"
"000066","2010-12-31","0.483921"
"000068","2010-12-31","0.452092"
"000069","2010-12-31","0.432217"
"000070","2010-12-31","0.438044"
"000078","2010-12-31","0.451069"
"000088","2010-12-31","0.288140"
"000089","2010-12-31","0.273787"
"000090","2010-12-31","0.540567"
"000096","2010-12-31","0.407454"
"000099","2010-12-31","0.509092"
"000100","2010-12-31","0.339620"
"000150","2010-12-31","0.435588"
"000151","2010-12-31","0.586056"
"000153","2010-12-31","0.471091"
"000155","2010-12-31","0.351172"
"000157","2010-12-31","0.469271"
"000158","2010-12-31","0.451008"
"000159","2010-12-31","0.563133"
"000301","2010-12-31","0.404820"
"000338","2010-12-31","0.472285"
"000400","2010-12-31","0.512997"
"000401","2010-12-31","0.472374"
"000402","2010-12-31","0.337363"
"000407","2010-12-31","0.398359"
"000408","2010-12-31","0.424636"
"000409","2010-12-31","0.334010"
"000410","2010-12-31","0.450290"
"000411","2010-12-31","0.456974"
"000415","2010-12-31","0.461623"
"000416","2010-12-31","0.425153"
"000417","2010-12-31","0.393940"
"000418","2010-12-31","0.406407"
"000419","2010-12-31","0.424223"
"000420","2010-12-31","0.456573"
"000421","2010-12-31","0.434968"
"000422","2010-12-31","0.487139"
"000423","2010-12-31","0.405905"
"000425","2010-12-31","0.459829"
"000426","2010-12-31","0.570112"
"000428","2010-12-31","0.401233"
"000429","2010-12-31","0.281688"
"000430","2010-12-31","0.348353"
"000488","2010-12-31","0.331610"
"000501","2010-12-31","0.388136"
"000502","2010-12-31","0.488673"
"000503","2010-12-31","0.505084"
"000504","2010-12-31","0.458251"
"000505","2010-12-31","0.409344"
"000506","2010-12-31","0.493479"
"000507","2010-12-31","0.481340"
"000509","2010-12-31","0.457579"
"000510","2010-12-31","0.444663"
"000511","2010-12-31","0.336631"
"000513","2010-12-31","0.382265"
"000514","2010-12-31","0.502983"
"000516","2010-12-31","0.421686"
"000517","2010-12-31","0.487325"
"000518","2010-12-31","0.474695"
"000519","2010-12-31","0.539079"
"000520","2010-12-31","0.406451"
"000521","2010-12-31","0.447897"
"000522","2010-12-31","0.518791"
"000523","2010-12-31","0.514373"
"000524","2010-12-31","0.483129"
"000525","2010-12-31","0.384145"
"000526","2010-12-31","0.479947"
"000527","2010-12-31","0.397841"
"000528","2010-12-31","0.434333"
"000529","2010-12-31","0.444632"
"000530","2010-12-31","0.483063"
"000531","2010-12-31","0.412323"
"000532","2010-12-31","0.472235"
"000533","2010-12-31","0.409094"
"000534","2010-12-31","0.429799"
"000536","2010-12-31","0.556105"
"000537","2010-12-31","0.597359"
"000538","2010-12-31","0.345759"
"000539","2010-12-31","0.306789"
"000541","2010-12-31","0.524932"
"000543","2010-12-31","0.333321"
"000544","2010-12-31","0.508243"
"000545","2010-12-31","0.460697"
"000546","2010-12-31","0.479570"
"000547","2010-12-31","0.521764"
"000548","2010-12-31","0.410691"
"000550","2010-12-31","0.438180"
"000551","2010-12-31","0.537898"
"000552","2010-12-31","0.493042"
"000553","2010-12-31","0.421463"
"000554","2010-12-31","0.436748"
"000555","2010-12-31","0.391546"
"000558","2010-12-31","0.396654"
"000560","2010-12-31","0.420971"
"000561","2010-12-31","0.381081"
"000562","2010-12-31","0.433051"
"000563","2010-12-31","0.395704"
"000564","2010-12-31","0.417870"
"000565","2010-12-31","0.451224"
"000566","2010-12-31","0.441123"
"000567","2010-12-31","0.598296"
"000568","2010-12-31","0.383190"
"000570","2010-12-31","0.457290"
"000571","2010-12-31","0.435510"
"000572","2010-12-31","0.484997"
"000573","2010-12-31","0.337338"
"000576","2010-12-31","0.403477"
"000578","2010-12-31","0.492944"
"000581","2010-12-31","0.491066"
"000582","2010-12-31","0.406742"
"000584","2010-12-31","0.480849"
"000586","2010-12-31","0.355267"
"000589","2010-12-31","0.451246"
"000590","2010-12-31","0.554997"
"000591","2010-12-31","0.523019"
"000592","2010-12-31","0.530851"
"000593","2010-12-31","0.473559"
"000594","2010-12-31","0.383641"
"000595","2010-12-31","0.446290"
"000596","2010-12-31","0.456457"
"000597","2010-12-31","0.392428"
"000598","2010-12-31","0.442237"
"000599","2010-12-31","0.403972"
"000600","2010-12-31","0.439596"
"000601","2010-12-31","0.438560"
"000602","2010-12-31","0.543934"
"000603","2010-12-31","0.572057"
"000606","2010-12-31","0.464770"
"000607","2010-12-31","0.468439"
"000608","2010-12-31","0.426780"
"000609","2010-12-31","0.418417"
"000610","2010-12-31","0.435804"
"000611","2010-12-31","0.450472"
"000612","2010-12-31","0.511449"
"000613","2010-12-31","0.406626"
"000615","2010-12-31","0.436259"
"000616","2010-12-31","0.414797"
"000617","2010-12-31","0.515961"
"000619","2010-12-31","0.410408"
"000623","2010-12-31","0.480554"
"000625","2010-12-31","0.378710"
"000626","2010-12-31","0.453700"
"000627","2010-12-31","0.454219"
"000629","2010-12-31","0.178907"
"000630","2010-12-31","0.526857"
"000631","2010-12-31","0.442903"
"000632","2010-12-31","0.523922"
"000633","2010-12-31","0.388662"
"000635","2010-12-31","0.435353"
"000636","2010-12-31","0.484970"
"000637","2010-12-31","0.384672"
"000638","2010-12-31","0.483616"
"000639","2010-12-31","0.545172"
"000650","2010-12-31","0.434484"
"000651","2010-12-31","0.402926"
"000655","2010-12-31","0.515226"
"000656","2010-12-31","0.450797"
"000659","2010-12-31","0.361447"
"000661","2010-12-31","0.512920"
"000662","2010-12-31","0.429438"
"000663","2010-12-31","0.477122"
"000665","2010-12-31","0.576830"
"000666","2010-12-31","0.591730"
"000667","2010-12-31","0.377539"
"000668","2010-12-31","0.444486"
"000669","2010-12-31","0.541442"
"000671","2010-12-31","0.584033"
"000673","2010-12-31","0.365892"
"000676","2010-12-31","0.382575"
"000678","2010-12-31","0.471794"
"000679","2010-12-31","0.408641"
"000680","2010-12-31","0.420124"
"000682","2010-12-31","0.398637"
"000683","2010-12-31","0.513323"
"000685","2010-12-31","0.480105"
"000686","2010-12-31","0.463795"
"000687","2010-12-31","0.452680"
"000690","2010-12-31","0.402517"
"000691","2010-12-31","0.507701"
"000692","2010-12-31","0.423197"
"000697","2010-12-31","0.481820"
"000698","2010-12-31","0.444752"
"000700","2010-12-31","0.400093"
"000701","2010-12-31","0.495274"
"000702","2010-12-31","0.381931"
"000703","2010-12-31","0.523358"
"000705","2010-12-31","0.367706"
"000707","2010-12-31","0.462899"
"000708","2010-12-31","0.420263"
"000709","2010-12-31","0.333829"
"000710","2010-12-31","0.555844"
"000711","2010-12-31","0.455270"
"000712","2010-12-31","0.479308"
"000713","2010-12-31","0.487021"
"000715","2010-12-31","0.384259"
"000717","2010-12-31","0.382377"
"000718","2010-12-31","0.504884"
"000720","2010-12-31","0.338528"
"000721","2010-12-31","0.502267"
"000723","2010-12-31","0.378334"
"000725","2010-12-31","0.389099"
"000726","2010-12-31","0.387495"
"000727","2010-12-31","0.541436"
"000728","2010-12-31","0.394338"
"000729","2010-12-31","0.351468"
"000731","2010-12-31","0.346109"
"000732","2010-12-31","1.623873"
"000733","2010-12-31","0.509864"
"000735","2010-12-31","0.550601"
"000736","2010-12-31","0.423914"
"000737","2010-12-31","0.465450"
"000738","2010-12-31","0.521588"
"000739","2010-12-31","0.442802"
"000748","2010-12-31","0.417837"
"000751","2010-12-31","0.512394"
"000752","2010-12-31","0.528203"
"000753","2010-12-31","0.506821"
"000755","2010-12-31","0.500245"
"000756","2010-12-31","0.410591"
"000758","2010-12-31","0.590185"
"000759","2010-12-31","0.345723"
"000760","2010-12-31","0.434988"
"000761","2010-12-31","0.346830"
"000762","2010-12-31","0.555363"
"000766","2010-12-31","0.421543"
"000767","2010-12-31","0.347097"
"000768","2010-12-31","0.404794"
"000776","2010-12-31","1.685315"
"000777","2010-12-31","0.531561"
"000778","2010-12-31","0.396068"
"000779","2010-12-31","0.513402"
"000780","2010-12-31","0.455854"
"000782","2010-12-31","0.424189"
"000783","2010-12-31","0.426451"
"000785","2010-12-31","0.447479"
"000786","2010-12-31","0.434241"
"000788","2010-12-31","0.537983"
"000789","2010-12-31","0.538887"
"000790","2010-12-31","0.588413"
"000791","2010-12-31","0.438631"
"000792","2010-12-31","0.443212"
"000793","2010-12-31","0.401111"
"000795","2010-12-31","0.623269"
"000796","2010-12-31","0.424416"
"000797","2010-12-31","0.427127"
"000798","2010-12-31","0.440885"
"000799","2010-12-31","0.483021"
"000800","2010-12-31","0.428047"
"000801","2010-12-31","0.509823"
"000802","2010-12-31","0.450037"
"000803","2010-12-31","0.419905"
"000806","2010-12-31","0.430746"
"000807","2010-12-31","0.476090"
"000809","2010-12-31","0.452125"
"000810","2010-12-31","0.477883"
"000811","2010-12-31","0.521100"
"000812","2010-12-31","0.409938"
"000813","2010-12-31","0.589452"
"000815","2010-12-31","0.470930"
"000816","2010-12-31","0.426548"
"000819","2010-12-31","0.499570"
"000820","2010-12-31","0.405287"
"000821","2010-12-31","0.402200"
"000822","2010-12-31","0.404122"
"000823","2010-12-31","0.591457"
"000825","2010-12-31","0.379790"
"000826","2010-12-31","0.483353"
"000828","2010-12-31","0.385693"
"000829","2010-12-31","0.515566"
"000830","2010-12-31","0.382545"
"000831","2010-12-31","0.421786"
"000833","2010-12-31","0.445610"
"000835","2010-12-31","0.505320"
"000836","2010-12-31","0.470340"
"000837","2010-12-31","0.470279"
"000838","2010-12-31","0.416601"
"000839","2010-12-31","0.473143"
"000848","2010-12-31","0.425047"
"000850","2010-12-31","0.429826"
"000851","2010-12-31","0.519745"
"000852","2010-12-31","0.456551"
"000856","2010-12-31","0.357325"
"000858","2010-12-31","0.340168"
"000859","2010-12-31","0.484098"
"000860","2010-12-31","0.433579"
"000861","2010-12-31","0.462806"
"000862","2010-12-31","0.468468"
"000868","2010-12-31","0.581613"
"000869","2010-12-31","0.354288"
"000875","2010-12-31","0.323860"
"000876","2010-12-31","0.520014"
"000877","2010-12-31","0.502194"
"000878","2010-12-31","0.489813"
"000880","2010-12-31","0.404427"
"000881","2010-12-31","0.414051"
"000882","2010-12-31","0.407848"
"000883","2010-12-31","0.497796"
"000885","2010-12-31","0.378924"
"000886","2010-12-31","0.548795"
"000887","2010-12-31","0.465034"
"000888","2010-12-31","0.442642"
"000889","2010-12-31","0.469994"
"000890","2010-12-31","0.406756"
"000892","2010-12-31","0.372871"
"000893","2010-12-31","0.451861"
"000895","2010-12-31","0.426148"
"000897","2010-12-31","0.456044"
"000898","2010-12-31","0.389755"
"000899","2010-12-31","0.429616"
"000900","2010-12-31","0.370350"
"000901","2010-12-31","0.485737"
"000902","2010-12-31","0.500187"
"000905","2010-12-31","0.397155"
"000906","2010-12-31","0.464511"
"000908","2010-12-31","0.422027"
"000909","2010-12-31","0.531973"
"000910","2010-12-31","0.402522"
"000911","2010-12-31","0.472089"
"000912","2010-12-31","0.361647"
"000913","2010-12-31","0.486658"
"000915","2010-12-31","0.492721"
"000916","2010-12-31","0.318083"
"000918","2010-12-31","0.493823"
"000919","2010-12-31","0.422922"
"000920","2010-12-31","0.417615"
"000921","2010-12-31","0.350054"
"000922","2010-12-31","0.424623"
"000923","2010-12-31","0.438492"
"000925","2010-12-31","0.457970"
"000926","2010-12-31","0.533858"
"000927","2010-12-31","0.470372"
"000928","2010-12-31","0.537901"
"000929","2010-12-31","0.455239"
"000930","2010-12-31","0.448627"
"000931","2010-12-31","0.511325"
"000932","2010-12-31","0.329373"
"000933","2010-12-31","0.518135"
"000935","2010-12-31","0.435406"
"000936","2010-12-31","0.448763"
"000937","2010-12-31","0.518861"
"000938","2010-12-31","0.485099"
"000939","2010-12-31","0.482967"
"000948","2010-12-31","0.471900"
"000949","2010-12-31","0.399403"
"000950","2010-12-31","0.456999"
"000951","2010-12-31","0.459854"
"000952","2010-12-31","0.433909"
"000953","2010-12-31","0.410480"
"000955","2010-12-31","0.362815"
"000958","2010-12-31","0.365858"
"000960","2010-12-31","0.595363"
"000961","2010-12-31","0.561180"
"000962","2010-12-31","0.554353"
"000963","2010-12-31","0.447708"
"000965","2010-12-31","0.459000"
"000966","2010-12-31","0.460077"
"000967","2010-12-31","0.502304"
"000968","2010-12-31","0.496628"
"000969","2010-12-31","0.538363"
"000970","2010-12-31","0.615747"
"000971","2010-12-31","0.327576"
"000972","2010-12-31","0.519833"
"000973","2010-12-31","0.552846"
"000975","2010-12-31","0.397756"
"000976","2010-12-31","0.363943"
"000977","2010-12-31","0.624221"
"000978","2010-12-31","0.461423"
"000979","2010-12-31","0.520946"
"000980","2010-12-31","0.417215"
"000982","2010-12-31","0.507226"
"000983","2010-12-31","0.490959"
"000985","2010-12-31","0.392672"
"000987","2010-12-31","0.326313"
"000988","2010-12-31","0.461338"
"000989","2010-12-31","0.426959"
"000990","2010-12-31","0.488236"
"000993","2010-12-31","0.420763"
"000995","2010-12-31","0.400344"
"000996","2010-12-31","0.528635"
"000997","2010-12-31","0.535795"
"000998","2010-12-31","0.490002"
"000999","2010-12-31","0.380459"
"001696","2010-12-31","0.464331"
"001896","2010-12-31","0.370084"
"002001","2010-12-31","0.433661"
"002002","2010-12-31","0.393610"
"002003","2010-12-31","0.470394"
"002004","2010-12-31","0.392397"
"002005","2010-12-31","0.473951"
"002006","2010-12-31","0.577005"
"002007","2010-12-31","0.385381"
"002008","2010-12-31","0.531330"
"002009","2010-12-31","0.438016"
"002010","2010-12-31","0.377273"
"002011","2010-12-31","0.453743"
"002012","2010-12-31","0.438484"
"002013","2010-12-31","0.573386"
"002014","2010-12-31","0.372788"
"002015","2010-12-31","0.488592"
"002016","2010-12-31","0.559954"
"002017","2010-12-31","0.535546"
"002018","2010-12-31","0.481923"
"002019","2010-12-31","0.521988"
"002020","2010-12-31","0.497532"
"002021","2010-12-31","0.439870"
"002022","2010-12-31","0.443977"
"002023","2010-12-31","0.490644"
"002024","2010-12-31","0.345313"
"002025","2010-12-31","0.452624"
"002026","2010-12-31","0.485687"
"002027","2010-12-31","0.425712"
"002028","2010-12-31","0.400756"
"002029","2010-12-31","0.429749"
"002030","2010-12-31","0.464451"
"002031","2010-12-31","0.457514"
"002032","2010-12-31","0.410031"
"002033","2010-12-31","0.449224"
"002034","2010-12-31","0.407294"
"002035","2010-12-31","0.517708"
"002036","2010-12-31","0.524190"
"002037","2010-12-31","0.433637"
"002038","2010-12-31","0.447920"
"002039","2010-12-31","0.334755"
"002040","2010-12-31","0.385740"
"002041","2010-12-31","0.502309"
"002042","2010-12-31","0.445978"
"002043","2010-12-31","0.447028"
"002044","2010-12-31","0.414612"
"002045","2010-12-31","0.402735"
"002046","2010-12-31","0.461361"
"002047","2010-12-31","0.421647"
"002048","2010-12-31","0.478716"
"002049","2010-12-31","0.519719"
"002050","2010-12-31","0.420920"
"002051","2010-12-31","0.485644"
"002052","2010-12-31","0.446579"
"002053","2010-12-31","0.372188"
"002054","2010-12-31","0.378894"
"002055","2010-12-31","0.561314"
"002056","2010-12-31","0.626750"
"002057","2010-12-31","0.607904"
"002058","2010-12-31","0.404551"
"002059","2010-12-31","0.504672"
"002060","2010-12-31","0.381746"
"002061","2010-12-31","0.409358"
"002062","2010-12-31","0.397869"
"002063","2010-12-31","0.483787"
"002064","2010-12-31","0.492104"
"002065","2010-12-31","0.465485"
"002066","2010-12-31","0.485682"
"002067","2010-12-31","0.389688"
"002068","2010-12-31","0.440069"
"002069","2010-12-31","0.507115"
"002070","2010-12-31","0.409880"
"002071","2010-12-31","0.541595"
"002072","2010-12-31","0.473162"
"002073","2010-12-31","0.428166"
"002074","2010-12-31","0.502586"
"002076","2010-12-31","0.511003"
"002077","2010-12-31","0.506026"
"002078","2010-12-31","0.403776"
"002079","2010-12-31","0.472038"
"002080","2010-12-31","0.435800"
"002081","2010-12-31","0.508949"
"002082","2010-12-31","0.477269"
"002083","2010-12-31","0.482886"
"002084","2010-12-31","0.443088"
"002085","2010-12-31","0.525208"
"002086","2010-12-31","0.458817"
"002087","2010-12-31","0.389338"
"002088","2010-12-31","0.441123"
"002089","2010-12-31","0.518474"
"002090","2010-12-31","0.547593"
"002091","2010-12-31","0.556800"
"002092","2010-12-31","0.473611"
"002093","2010-12-31","0.464759"
"002094","2010-12-31","0.417779"
"002095","2010-12-31","0.490826"
"002096","2010-12-31","0.445335"
"002097","2010-12-31","0.457353"
"002098","2010-12-31","0.439543"
"002099","2010-12-31","0.528007"
"002100","2010-12-31","0.455878"
"002101","2010-12-31","0.445250"
"002102","2010-12-31","0.482065"
"002103","2010-12-31","0.368727"
"002104","2010-12-31","0.492382"
"002105","2010-12-31","0.421717"
"002106","2010-12-31","0.580812"
"002107","2010-12-31","0.443012"
"002108","2010-12-31","0.527873"
"002109","2010-12-31","0.433923"
"002110","2010-12-31","0.506227"
"002111","2010-12-31","0.521622"
"002112","2010-12-31","0.426454"
"002113","2010-12-31","0.517031"
"002114","2010-12-31","0.511368"
"002115","2010-12-31","0.501246"
"002116","2010-12-31","0.450675"
"002117","2010-12-31","0.491348"
"002118","2010-12-31","0.541735"
"002119","2010-12-31","0.521568"
"002121","2010-12-31","0.497061"
"002122","2010-12-31","0.444209"
"002123","2010-12-31","0.455119"
"002124","2010-12-31","0.429490"
"002125","2010-12-31","0.606745"
"002126","2010-12-31","0.448202"
"002127","2010-12-31","0.543166"
"002128","2010-12-31","0.416815"
"002129","2010-12-31","0.458720"
"002130","2010-12-31","0.531166"
"002132","2010-12-31","0.526683"
"002133","2010-12-31","0.443169"
"002134","2010-12-31","0.411460"
"002135","2010-12-31","0.419918"
"002136","2010-12-31","0.423731"
"002137","2010-12-31","0.508181"
"002138","2010-12-31","0.503630"
"002139","2010-12-31","0.515443"
"002140","2010-12-31","0.509208"
"002141","2010-12-31","0.473021"
"002142","2010-12-31","0.382408"
"002143","2010-12-31","0.432792"
"002144","2010-12-31","0.466542"
"002146","2010-12-31","0.542627"
"002147","2010-12-31","0.406241"
"002148","2010-12-31","0.467417"
"002149","2010-12-31","0.515081"
"002150","2010-12-31","0.419793"
"002151","2010-12-31","0.421004"
"002152","2010-12-31","0.373605"
"002153","2010-12-31","0.426547"
"002154","2010-12-31","0.402746"
"002155","2010-12-31","0.560577"
"002156","2010-12-31","0.520887"
"002157","2010-12-31","0.542416"
"002158","2010-12-31","0.534077"
"002159","2010-12-31","0.441081"
"002160","2010-12-31","0.478931"
"002161","2010-12-31","0.548235"
"002162","2010-12-31","0.538318"
"002163","2010-12-31","0.495956"
"002164","2010-12-31","0.423547"
"002165","2010-12-31","0.489384"
"002166","2010-12-31","0.569730"
"002167","2010-12-31","0.526317"
"002168","2010-12-31","0.553933"
"002169","2010-12-31","0.461974"
"002170","2010-12-31","0.530225"
"002171","2010-12-31","0.477533"
"002172","2010-12-31","0.464503"
"002173","2010-12-31","0.431918"
"002174","2010-12-31","0.422442"
"002175","2010-12-31","0.485991"
"002176","2010-12-31","0.538009"
"002177","2010-12-31","0.394432"
"002178","2010-12-31","0.451396"
"002179","2010-12-31","0.525441"
"002180","2010-12-31","0.483906"
"002181","2010-12-31","0.472410"
"002182","2010-12-31","0.500055"
"002183","2010-12-31","0.480296"
"002184","2010-12-31","0.487308"
"002185","2010-12-31","0.487932"
"002186","2010-12-31","0.340863"
"002187","2010-12-31","0.298365"
"002188","2010-12-31","0.521273"
"002189","2010-12-31","0.550676"
"002190","2010-12-31","0.662471"
"002191","2010-12-31","0.392314"
"002192","2010-12-31","0.589005"
"002193","2010-12-31","0.427574"
"002194","2010-12-31","0.484272"
"002195","2010-12-31","0.447585"
"002196","2010-12-31","0.512639"
"002197","2010-12-31","0.547404"
"002198","2010-12-31","0.478215"
"002199","2010-12-31","0.527410"
"002201","2010-12-31","0.497944"
"002202","2010-12-31","0.445841"
"002203","2010-12-31","0.513832"
"002204","2010-12-31","0.394818"
"002205","2010-12-31","0.523196"
"002206","2010-12-31","0.503441"
"002207","2010-12-31","0.506748"
"002208","2010-12-31","0.538135"
"002209","2010-12-31","0.484481"
"002210","2010-12-31","0.511150"
"002211","2010-12-31","0.440025"
"002212","2010-12-31","0.423249"
"002213","2010-12-31","0.536123"
"002214","2010-12-31","0.500405"
"002215","2010-12-31","0.479715"
"002216","2010-12-31","0.382096"
"002217","2010-12-31","0.504022"
"002218","2010-12-31","0.432191"
"002219","2010-12-31","0.443245"
"002220","2010-12-31","0.495476"
"002221","2010-12-31","0.461528"
"002222","2010-12-31","0.477197"
"002223","2010-12-31","0.443795"
"002224","2010-12-31","0.396084"
"002225","2010-12-31","0.520171"
"002226","2010-12-31","0.525842"
"002227","2010-12-31","0.529018"
"002228","2010-12-31","0.355168"
"002229","2010-12-31","0.461701"
"002230","2010-12-31","0.502615"
"002231","2010-12-31","0.513215"
"002232","2010-12-31","0.509867"
"002233","2010-12-31","0.432368"
"002234","2010-12-31","0.482364"
"002235","2010-12-31","0.434634"
"002236","2010-12-31","0.460901"
"002237","2010-12-31","0.473961"
"002238","2010-12-31","0.538128"
"002239","2010-12-31","0.422023"
"002240","2010-12-31","0.437649"
"002241","2010-12-31","0.511046"
"002242","2010-12-31","0.451191"
"002243","2010-12-31","0.443303"
"002244","2010-12-31","0.500834"
"002245","2010-12-31","0.462254"
"002247","2010-12-31","0.491868"
"002248","2010-12-31","0.514207"
"002249","2010-12-31","0.449570"
"002250","2010-12-31","0.473011"
"002251","2010-12-31","0.333599"
"002252","2010-12-31","0.418646"
"002253","2010-12-31","0.476893"
"002254","2010-12-31","0.455389"
"002255","2010-12-31","0.436517"
"002256","2010-12-31","0.481759"
"002258","2010-12-31","0.511285"
"002259","2010-12-31","0.420553"
"002260","2010-12-31","0.381977"
"002261","2010-12-31","0.513671"
"002262","2010-12-31","0.412769"
"002263","2010-12-31","0.459368"
"002264","2010-12-31","0.414314"
"002265","2010-12-31","0.565626"
"002266","2010-12-31","0.377248"
"002267","2010-12-31","0.404811"
"002268","2010-12-31","0.562785"
"002269","2010-12-31","0.428147"
"002270","2010-12-31","0.461351"
"002271","2010-12-31","0.583216"
"002272","2010-12-31","0.419265"
"002273","2010-12-31","0.546223"
"002274","2010-12-31","0.485454"
"002275","2010-12-31","0.359217"
"002276","2010-12-31","0.453106"
"002277","2010-12-31","0.415058"
"002278","2010-12-31","0.406120"
"002279","2010-12-31","0.483818"
"002280","2010-12-31","0.549851"
"002281","2010-12-31","0.457559"
"002282","2010-12-31","0.370312"
"002283","2010-12-31","0.373803"
"002284","2010-12-31","0.519570"
"002285","2010-12-31","0.555658"
"002286","2010-12-31","0.471378"
"002287","2010-12-31","0.431401"
"002288","2010-12-31","0.462665"
"002289","2010-12-31","0.580750"
"002290","2010-12-31","0.542957"
"002291","2010-12-31","0.379554"
"002292","2010-12-31","0.469087"
"002293","2010-12-31","0.401015"
"002294","2010-12-31","0.488349"
"002295","2010-12-31","0.395085"
"002296","2010-12-31","0.489432"
"002297","2010-12-31","0.538058"
"002298","2010-12-31","0.478311"
"002299","2010-12-31","0.442503"
"002300","2010-12-31","0.462620"
"002301","2010-12-31","0.379704"
"002302","2010-12-31","0.460038"
"002303","2010-12-31","0.375330"
"002304","2010-12-31","0.438184"
"002305","2010-12-31","0.429541"
"002306","2010-12-31","0.436039"
"002307","2010-12-31","0.501409"
"002308","2010-12-31","0.492772"
"002309","2010-12-31","0.425375"
"002310","2010-12-31","0.579281"
"002311","2010-12-31","0.377693"
"002312","2010-12-31","0.498070"
"002313","2010-12-31","0.480283"
"002314","2010-12-31","0.458122"
"002315","2010-12-31","0.446748"
"002316","2010-12-31","0.483948"
"002317","2010-12-31","0.425193"
"002318","2010-12-31","0.537257"
"002319","2010-12-31","0.504239"
"002320","2010-12-31","0.547323"
"300001","2010-12-31","0.454678"
"300002","2010-12-31","0.601539"
"300003","2010-12-31","0.490260"
"300004","2010-12-31","0.514539"
"300005","2010-12-31","0.538420"
"300006","2010-12-31","0.459564"
"300007","2010-12-31","0.633794"
"300008","2010-12-31","0.569472"
"300009","2010-12-31","0.576942"
"300010","2010-12-31","0.614771"
"300011","2010-12-31","0.540011"
"300012","2010-12-31","0.521033"
"300013","2010-12-31","0.488697"
"300014","2010-12-31","0.572371"
"300015","2010-12-31","0.534845"
"300016","2010-12-31","0.476184"
"300017","2010-12-31","0.616483"
"300018","2010-12-31","0.616196"
"300019","2010-12-31","0.627272"
"300020","2010-12-31","0.557589"
"300021","2010-12-31","0.570820"
"300022","2010-12-31","0.600658"
"300023","2010-12-31","0.538076"
"300024","2010-12-31","0.578751"
"300025","2010-12-31","0.597976"
"300026","2010-12-31","0.526268"
"300027","2010-12-31","0.466307"
"300028","2010-12-31","0.491302"
"600000","2010-12-31","0.316242"
"600004","2010-12-31","0.310235"
"600005","2010-12-31","0.306569"
"600006","2010-12-31","0.351048"
"600007","2010-12-31","0.356054"
"600008","2010-12-31","0.388703"
"600009","2010-12-31","0.370186"
"600010","2010-12-31","0.362709"
"600011","2010-12-31","0.238247"
"600012","2010-12-31","0.394436"
"600015","2010-12-31","0.363103"
"600016","2010-12-31","0.250439"
"600017","2010-12-31","0.333413"
"600018","2010-12-31","0.280765"
"600019","2010-12-31","0.311737"
"600020","2010-12-31","0.268447"
"600021","2010-12-31","0.275783"
"600026","2010-12-31","0.389543"
"600027","2010-12-31","0.243843"
"600028","2010-12-31","0.274127"
"600029","2010-12-31","0.487306"
"600030","2010-12-31","0.431104"
"600031","2010-12-31","0.463966"
"600033","2010-12-31","0.293640"
"600035","2010-12-31","0.363961"
"600036","2010-12-31","0.297357"
"600037","2010-12-31","0.422433"
"600038","2010-12-31","0.489096"
"600039","2010-12-31","0.470308"
"600048","2010-12-31","0.458305"
"600050","2010-12-31","0.287770"
"600051","2010-12-31","0.380976"
"600052","2010-12-31","0.390380"
"600053","2010-12-31","0.494806"
"600054","2010-12-31","0.366103"
"600055","2010-12-31","0.483146"
"600056","2010-12-31","0.430781"
"600058","2010-12-31","0.553793"
"600059","2010-12-31","0.422126"
"600060","2010-12-31","0.449630"
"600061","2010-12-31","0.456923"
"600062","2010-12-31","0.356661"
"600063","2010-12-31","0.438966"
"600064","2010-12-31","0.422043"
"600066","2010-12-31","0.386178"
"600067","2010-12-31","0.535435"
"600068","2010-12-31","0.407946"
"600069","2010-12-31","0.415286"
"600070","2010-12-31","0.367563"
"600071","2010-12-31","0.484528"
"600072","2010-12-31","0.426269"
"600073","2010-12-31","0.507390"
"600074","2010-12-31","0.442020"
"600075","2010-12-31","0.510552"
"600076","2010-12-31","0.396489"
"600077","2010-12-31","0.448168"
"600078","2010-12-31","0.474973"
"600079","2010-12-31","0.442909"
"600080","2010-12-31","0.369823"
"600081","2010-12-31","0.518377"
"600082","2010-12-31","0.413450"
"600083","2010-12-31","0.344959"
"600084","2010-12-31","0.370598"
"600085","2010-12-31","0.433469"
"600087","2010-12-31","0.369271"
"600088","2010-12-31","0.500554"
"600089","2010-12-31","0.375851"
"600090","2010-12-31","0.472264"
"600091","2010-12-31","0.410738"
"600093","2010-12-31","0.429439"
"600095","2010-12-31","0.541263"
"600096","2010-12-31","0.461663"
"600097","2010-12-31","0.412055"
"600098","2010-12-31","0.356615"
"600099","2010-12-31","0.465558"
"600100","2010-12-31","0.510271"
"600101","2010-12-31","0.422646"
"600103","2010-12-31","0.336321"
"600104","2010-12-31","0.403672"
"600105","2010-12-31","0.504115"
"600106","2010-12-31","0.416782"
"600107","2010-12-31","0.453797"
"600108","2010-12-31","0.437231"
"600109","2010-12-31","0.437840"
"600110","2010-12-31","0.450185"
"600111","2010-12-31","0.551747"
"600112","2010-12-31","0.437051"
"600113","2010-12-31","0.447258"
"600114","2010-12-31","0.528908"
"600115","2010-12-31","0.456276"
"600116","2010-12-31","0.434843"
"600117","2010-12-31","0.451685"
"600118","2010-12-31","0.533442"
"600119","2010-12-31","0.440693"
"600120","2010-12-31","0.443576"
"600121","2010-12-31","0.461148"
"600122","2010-12-31","0.394856"
"600123","2010-12-31","0.467703"
"600125","2010-12-31","0.448989"
"600126","2010-12-31","0.302271"
"600127","2010-12-31","0.403543"
"600128","2010-12-31","0.442884"
"600129","2010-12-31","0.492869"
"600130","2010-12-31","0.352629"
"600131","2010-12-31","0.373124"
"600132","2010-12-31","0.546528"
"600135","2010-12-31","0.520264"
"600136","2010-12-31","0.518956"
"600137","2010-12-31","0.465269"
"600138","2010-12-31","0.381552"
"600139","2010-12-31","0.487381"
"600141","2010-12-31","0.533208"
"600143","2010-12-31","0.419948"
"600146","2010-12-31","0.522365"
"600148","2010-12-31","0.528132"
"600149","2010-12-31","0.346777"
"600150","2010-12-31","0.329873"
"600151","2010-12-31","0.528983"
"600152","2010-12-31","0.461119"
"600153","2010-12-31","0.339322"
"600156","2010-12-31","0.415303"
"600157","2010-12-31","0.522706"
"600158","2010-12-31","0.508025"
"600159","2010-12-31","0.534975"
"600160","2010-12-31","0.554467"
"600161","2010-12-31","0.416907"
"600162","2010-12-31","0.402292"
"600163","2010-12-31","0.435460"
"600166","2010-12-31","0.435700"
"600167","2010-12-31","0.396969"
"600168","2010-12-31","0.445139"
"600169","2010-12-31","0.438362"
"600170","2010-12-31","0.406715"
"600171","2010-12-31","0.433520"
"600172","2010-12-31","0.552457"
"600173","2010-12-31","0.532524"
"600175","2010-12-31","0.602687"
"600176","2010-12-31","0.486570"
"600177","2010-12-31","0.342732"
"600178","2010-12-31","0.477377"
"600179","2010-12-31","0.497634"
"600180","2010-12-31","0.428832"
"600182","2010-12-31","0.371366"
"600183","2010-12-31","0.488019"
"600184","2010-12-31","0.488717"
"600185","2010-12-31","0.494981"
"600186","2010-12-31","0.444457"
"600187","2010-12-31","0.459126"
"600188","2010-12-31","0.493288"
"600189","2010-12-31","0.433793"
"600190","2010-12-31","0.288920"
"600191","2010-12-31","0.434288"
"600192","2010-12-31","0.427504"
"600193","2010-12-31","0.441600"
"600195","2010-12-31","0.401252"
"600196","2010-12-31","0.382023"
"600197","2010-12-31","0.492199"
"600198","2010-12-31","0.539667"
"600199","2010-12-31","0.496109"
"600200","2010-12-31","0.486160"
"600201","2010-12-31","0.434533"
"600202","2010-12-31","0.460052"
"600203","2010-12-31","0.514021"
"600206","2010-12-31","0.523108"
"600207","2010-12-31","0.365255"
"600208","2010-12-31","0.455772"
"600209","2010-12-31","0.575404"
"600210","2010-12-31","0.330793"
"600211","2010-12-31","0.528398"
"600212","2010-12-31","0.367401"
"600213","2010-12-31","0.516353"
"600215","2010-12-31","0.427711"
"600216","2010-12-31","0.394152"
"600217","2010-12-31","0.406109"
"600218","2010-12-31","0.515641"
"600219","2010-12-31","0.398931"
"600220","2010-12-31","0.435314"
"600221","2010-12-31","0.534224"
"600222","2010-12-31","0.430474"
"600223","2010-12-31","0.466215"
"600225","2010-12-31","0.529804"
"600227","2010-12-31","0.384178"
"600228","2010-12-31","0.477239"
"600229","2010-12-31","0.408741"
"600230","2010-12-31","0.430955"
"600231","2010-12-31","0.491903"
"600232","2010-12-31","0.366125"
"600233","2010-12-31","0.483555"
"600234","2010-12-31","0.427740"
"600235","2010-12-31","0.435291"
"600236","2010-12-31","0.284685"
"600237","2010-12-31","0.531630"
"600238","2010-12-31","0.523109"
"600239","2010-12-31","0.486594"
"600240","2010-12-31","0.487781"
"600241","2010-12-31","0.478972"
"600242","2010-12-31","0.360697"
"600243","2010-12-31","0.487727"
"600246","2010-12-31","0.425358"
"600247","2010-12-31","0.371364"
"600248","2010-12-31","0.462604"
"600249","2010-12-31","0.357589"
"600250","2010-12-31","0.448140"
"600251","2010-12-31","0.523785"
"600252","2010-12-31","0.517584"
"600253","2010-12-31","0.468026"
"600255","2010-12-31","0.506211"
"600256","2010-12-31","0.491466"
"600257","2010-12-31","0.451993"
"600258","2010-12-31","0.450588"
"600259","2010-12-31","0.617655"
"600260","2010-12-31","0.382139"
"600261","2010-12-31","0.480976"
"600262","2010-12-31","0.518370"
"600263","2010-12-31","0.429846"
"600265","2010-12-31","0.434714"
"600266","2010-12-31","0.453877"
"600267","2010-12-31","0.401992"
"600268","2010-12-31","0.493683"
"600269","2010-12-31","0.293006"
"600270","2010-12-31","0.380871"
"600271","2010-12-31","0.463665"
"600272","2010-12-31","0.480519"
"600273","2010-12-31","0.540555"
"600275","2010-12-31","0.410136"
"600276","2010-12-31","0.359092"
"600277","2010-12-31","0.511789"
"600278","2010-12-31","0.442823"
"600279","2010-12-31","0.476039"
"600280","2010-12-31","0.375158"
"600281","2010-12-31","0.514196"
"600282","2010-12-31","0.322416"
"600283","2010-12-31","0.454019"
"600284","2010-12-31","0.439346"
"600285","2010-12-31","0.436496"
"600287","2010-12-31","0.499135"
"600288","2010-12-31","0.530682"
"600289","2010-12-31","0.478033"
"600290","2010-12-31","0.435431"
"600291","2010-12-31","0.471347"
"600292","2010-12-31","0.558050"
"600293","2010-12-31","0.417389"
"600295","2010-12-31","0.466513"
"600297","2010-12-31","0.447425"
"600298","2010-12-31","0.354051"
"600299","2010-12-31","0.408040"
"600300","2010-12-31","0.400966"
"600301","2010-12-31","0.399652"
"600302","2010-12-31","0.422752"
"600303","2010-12-31","0.529344"
"600305","2010-12-31","0.413773"
"600306","2010-12-31","0.398214"
"600307","2010-12-31","0.455516"
"600308","2010-12-31","0.394475"
"600309","2010-12-31","0.432472"
"600310","2010-12-31","0.378097"
"600311","2010-12-31","0.542041"
"600312","2010-12-31","0.476598"
"600316","2010-12-31","0.485237"
"600317","2010-12-31","0.352930"
"600318","2010-12-31","0.478675"
"600319","2010-12-31","0.423092"
"600320","2010-12-31","0.331709"
"600321","2010-12-31","0.490673"
"600322","2010-12-31","0.402665"
"600323","2010-12-31","0.370413"
"600325","2010-12-31","0.445329"
"600326","2010-12-31","0.562156"
"600327","2010-12-31","0.438561"
"600328","2010-12-31","0.476487"
"600329","2010-12-31","0.475518"
"600330","2010-12-31","0.592872"
"600331","2010-12-31","0.499005"
"600332","2010-12-31","0.562626"
"600333","2010-12-31","0.494032"
"600335","2010-12-31","0.610998"
"600336","2010-12-31","0.446533"
"600337","2010-12-31","0.516274"
"600338","2010-12-31","0.383175"
"600339","2010-12-31","0.483464"
"600340","2010-12-31","0.411889"
"600343","2010-12-31","0.447453"
"600345","2010-12-31","0.467340"
"600346","2010-12-31","0.542144"
"600348","2010-12-31","0.557573"
"600350","2010-12-31","0.316138"
"600351","2010-12-31","0.470138"
"600352","2010-12-31","0.453566"
"600353","2010-12-31","0.428437"
"600354","2010-12-31","0.497442"
"600355","2010-12-31","0.398033"
"600356","2010-12-31","0.360216"
"600358","2010-12-31","0.420866"
"600359","2010-12-31","0.565771"
"600360","2010-12-31","0.534084"
"600361","2010-12-31","0.439860"
"600362","2010-12-31","0.494723"
"600363","2010-12-31","0.510521"
"600365","2010-12-31","0.501580"
"600366","2010-12-31","0.602328"
"600367","2010-12-31","0.602851"
"600368","2010-12-31","0.427101"
"600369","2010-12-31","0.386839"
"600370","2010-12-31","0.401523"
"600371","2010-12-31","0.472191"
"600372","2010-12-31","1.123988"
"600373","2010-12-31","0.411728"
"600375","2010-12-31","0.486368"
"600376","2010-12-31","0.542104"
"600377","2010-12-31","0.265865"
"600378","2010-12-31","0.503079"
"600379","2010-12-31","0.588630"
"600380","2010-12-31","0.458806"
"600381","2010-12-31","0.381334"
"600382","2010-12-31","0.458472"
"600383","2010-12-31","0.442435"
"600385","2010-12-31","0.394982"
"600386","2010-12-31","0.370280"
"600387","2010-12-31","0.413234"
"600388","2010-12-31","0.420296"
"600389","2010-12-31","0.419933"
"600390","2010-12-31","0.529930"
"600391","2010-12-31","0.535633"
"600392","2010-12-31","0.447100"
"600393","2010-12-31","0.456728"
"600395","2010-12-31","0.478047"
"600396","2010-12-31","0.399079"
"600397","2010-12-31","0.528029"
"600398","2010-12-31","0.350890"
"600399","2010-12-31","0.436589"
"600400","2010-12-31","0.437419"
"600403","2010-12-31","0.574234"
"600406","2010-12-31","0.463049"
"600408","2010-12-31","0.369245"
"600409","2010-12-31","0.518321"
"600410","2010-12-31","0.540614"
"600415","2010-12-31","0.369494"
"600416","2010-12-31","0.446351"
"600418","2010-12-31","0.465348"
"600419","2010-12-31","0.330850"
"600420","2010-12-31","0.444394"
"600421","2010-12-31","0.359296"
"600422","2010-12-31","0.461288"
"600423","2010-12-31","0.439551"
"600425","2010-12-31","0.548798"
"600426","2010-12-31","0.449403"
"600428","2010-12-31","0.416273"
"600429","2010-12-31","0.422595"
"600432","2010-12-31","0.493204"
"600433","2010-12-31","0.535220"
"600435","2010-12-31","0.477666"
"600436","2010-12-31","0.447250"
"600438","2010-12-31","0.439530"
"600439","2010-12-31","0.431144"
"600444","2010-12-31","0.407446"
"600446","2010-12-31","0.460923"
"600448","2010-12-31","0.417950"
"600449","2010-12-31","0.515497"
"600452","2010-12-31","0.539774"
"600455","2010-12-31","0.435061"
"600456","2010-12-31","0.535205"
"600458","2010-12-31","0.471356"
"600459","2010-12-31","0.532538"
"600460","2010-12-31","0.545211"
"600461","2010-12-31","0.455198"
"600462","2010-12-31","0.383762"
"600463","2010-12-31","0.399956"
"600466","2010-12-31","0.409779"
"600467","2010-12-31","0.470760"
"600468","2010-12-31","0.464698"
"600469","2010-12-31","0.423961"
"600470","2010-12-31","0.466296"
"600475","2010-12-31","0.465100"
"600477","2010-12-31","0.463307"
"600478","2010-12-31","0.504714"
"600479","2010-12-31","0.457656"
"600480","2010-12-31","0.422480"
"600481","2010-12-31","0.488117"
"600482","2010-12-31","0.520710"
"600483","2010-12-31","0.489608"
"600485","2010-12-31","0.513244"
"600486","2010-12-31","0.427486"
"600487","2010-12-31","0.484354"
"600488","2010-12-31","0.433683"
"600489","2010-12-31","0.429839"
"600490","2010-12-31","0.360906"
"600491","2010-12-31","0.502270"
"600493","2010-12-31","0.446387"
"600495","2010-12-31","0.513352"
"600496","2010-12-31","0.456044"
"600497","2010-12-31","0.485446"
"600498","2010-12-31","0.491069"
"600499","2010-12-31","0.481310"
"600500","2010-12-31","0.385879"
"600501","2010-12-31","0.502059"
"600502","2010-12-31","0.511373"
"600503","2010-12-31","0.501086"
"600506","2010-12-31","0.403196"
"600507","2010-12-31","0.494005"
"600508","2010-12-31","0.473493"
"600509","2010-12-31","0.478825"
"600510","2010-12-31","0.434438"
"600511","2010-12-31","0.393045"
"600512","2010-12-31","0.465180"
"600513","2010-12-31","0.562938"
"600515","2010-12-31","0.452565"
"600516","2010-12-31","0.469821"
"600517","2010-12-31","0.350544"
"600519","2010-12-31","0.303028"
"600520","2010-12-31","0.459449"
"600521","2010-12-31","0.452219"
"600522","2010-12-31","0.475552"
"600523","2010-12-31","0.550910"
"600525","2010-12-31","0.521066"
"600526","2010-12-31","0.449587"
"600527","2010-12-31","0.417819"
"600528","2010-12-31","0.380422"
"600529","2010-12-31","0.369390"
"600530","2010-12-31","0.446128"
"600531","2010-12-31","0.559581"
"600532","2010-12-31","0.490120"
"600533","2010-12-31","0.349401"
"600535","2010-12-31","0.410742"
"600536","2010-12-31","0.471774"
"600537","2010-12-31","0.582166"
"600538","2010-12-31","0.449674"
"600539","2010-12-31","0.428295"
"600540","2010-12-31","0.551165"
"600543","2010-12-31","0.399088"
"600545","2010-12-31","0.523211"
"600546","2010-12-31","0.558464"
"600547","2010-12-31","0.430703"
"600548","2010-12-31","0.262761"
"600549","2010-12-31","0.568573"
"600550","2010-12-31","0.417870"
"600551","2010-12-31","0.392762"
"600552","2010-12-31","0.650711"
"600553","2010-12-31","0.356864"
"600555","2010-12-31","0.431907"
"600557","2010-12-31","0.422714"
"600558","2010-12-31","0.363415"
"600559","2010-12-31","0.485929"
"600560","2010-12-31","0.492153"
"600561","2010-12-31","0.360860"
"600562","2010-12-31","0.473844"
"600563","2010-12-31","0.537121"
"600565","2010-12-31","0.460301"
"600566","2010-12-31","0.380715"
"600567","2010-12-31","0.423450"
"600568","2010-12-31","0.500476"
"600569","2010-12-31","0.286226"
"600570","2010-12-31","0.481781"
"600571","2010-12-31","0.486594"
"600572","2010-12-31","0.469164"
"600573","2010-12-31","0.414589"
"600575","2010-12-31","0.475023"
"600576","2010-12-31","0.523791"
"600577","2010-12-31","0.431422"
"600578","2010-12-31","0.385501"
"600579","2010-12-31","0.391665"
"600580","2010-12-31","0.466377"
"600581","2010-12-31","0.484442"
"600582","2010-12-31","0.509084"
"600583","2010-12-31","0.431602"
"600584","2010-12-31","0.503181"
"600585","2010-12-31","0.413357"
"600586","2010-12-31","0.467028"
"600587","2010-12-31","0.420115"
"600588","2010-12-31","0.413383"
"600589","2010-12-31","0.425935"
"600590","2010-12-31","0.466787"
"600592","2010-12-31","0.461907"
"600593","2010-12-31","0.438420"
"600594","2010-12-31","0.456405"
"600595","2010-12-31","0.527616"
"600596","2010-12-31","0.524930"
"600597","2010-12-31","0.420728"
"600598","2010-12-31","0.357981"
"600599","2010-12-31","0.514725"
"600600","2010-12-31","0.300880"
"600601","2010-12-31","0.380570"
"600602","2010-12-31","0.456431"
"600603","2010-12-31","0.367454"
"600604","2010-12-31","0.340716"
"600605","2010-12-31","0.436998"
"600606","2010-12-31","0.465196"
"600608","2010-12-31","0.381538"
"600609","2010-12-31","0.408302"
"600610","2010-12-31","0.421451"
"600611","2010-12-31","0.406316"
"600612","2010-12-31","0.470097"
"600613","2010-12-31","0.427286"
"600614","2010-12-31","0.371237"
"600615","2010-12-31","0.466363"
"600616","2010-12-31","0.396705"
"600617","2010-12-31","0.351315"
"600618","2010-12-31","0.480171"
"600619","2010-12-31","0.432898"
"600620","2010-12-31","0.347518"
"600621","2010-12-31","0.389989"
"600622","2010-12-31","0.499757"
"600623","2010-12-31","0.540184"
"600624","2010-12-31","0.438431"
"600626","2010-12-31","0.336023"
"600628","2010-12-31","0.438716"
"600629","2010-12-31","0.453050"
"600630","2010-12-31","0.444029"
"600631","2010-12-31","0.419640"
"600634","2010-12-31","0.484296"
"600635","2010-12-31","0.354330"
"600636","2010-12-31","0.555948"
"600638","2010-12-31","0.468961"
"600639","2010-12-31","0.388112"
"600640","2010-12-31","0.540756"
"600641","2010-12-31","0.401919"
"600642","2010-12-31","0.278984"
"600643","2010-12-31","0.405421"
"600644","2010-12-31","0.514706"
"600645","2010-12-31","0.436904"
"600647","2010-12-31","0.503777"
"600648","2010-12-31","0.452764"
"600649","2010-12-31","0.349317"
"600650","2010-12-31","0.420688"
"600651","2010-12-31","0.489868"
"600652","2010-12-31","0.379736"
"600653","2010-12-31","0.320455"
"600654","2010-12-31","0.404959"
"600655","2010-12-31","0.376510"
"600656","2010-12-31","0.404346"
"600657","2010-12-31","0.466508"
"600658","2010-12-31","0.488138"
"600660","2010-12-31","0.403121"
"600661","2010-12-31","0.416704"
"600662","2010-12-31","0.462792"
"600663","2010-12-31","0.386587"
"600665","2010-12-31","0.377073"
"600666","2010-12-31","0.469699"
"600667","2010-12-31","0.460733"
"600668","2010-12-31","0.411399"
"600671","2010-12-31","0.413102"
"600673","2010-12-31","0.518862"
"600674","2010-12-31","0.372735"
"600675","2010-12-31","0.527072"
"600676","2010-12-31","0.429556"
"600677","2010-12-31","0.521069"
"600678","2010-12-31","0.380768"
"600679","2010-12-31","0.570161"
"600680","2010-12-31","0.546946"
"600682","2010-12-31","0.336782"
"600683","2010-12-31","0.454872"
"600684","2010-12-31","0.456700"
"600685","2010-12-31","0.385957"
"600686","2010-12-31","0.407074"
"600687","2010-12-31","0.442809"
"600688","2010-12-31","0.289840"
"600689","2010-12-31","0.487748"
"600690","2010-12-31","0.402872"
"600691","2010-12-31","0.468134"
"600692","2010-12-31","0.527503"
"600693","2010-12-31","0.387921"
"600694","2010-12-31","0.416142"
"600695","2010-12-31","0.423414"
"600696","2010-12-31","0.434785"
"600697","2010-12-31","0.341654"
"600698","2010-12-31","0.398098"
"600701","2010-12-31","0.412126"
"600702","2010-12-31","0.474219"
"600703","2010-12-31","0.570602"
"600704","2010-12-31","0.501437"
"600706","2010-12-31","0.386195"
"600707","2010-12-31","0.525975"
"600708","2010-12-31","0.434610"
"600710","2010-12-31","0.414888"
"600711","2010-12-31","0.392811"
"600712","2010-12-31","0.497173"
"600713","2010-12-31","0.454541"
"600714","2010-12-31","0.415250"
"600715","2010-12-31","0.414702"
"600716","2010-12-31","0.430702"
"600717","2010-12-31","0.305176"
"600718","2010-12-31","0.450161"
"600719","2010-12-31","0.468905"
"600720","2010-12-31","0.433785"
"600721","2010-12-31","0.401389"
"600722","2010-12-31","0.412882"
"600724","2010-12-31","0.366775"
"600725","2010-12-31","0.483751"
"600726","2010-12-31","0.313623"
"600728","2010-12-31","0.542907"
"600730","2010-12-31","0.440727"
"600731","2010-12-31","0.489171"
"600732","2010-12-31","0.526574"
"600733","2010-12-31","0.372524"
"600734","2010-12-31","0.487056"
"600735","2010-12-31","0.521792"
"600736","2010-12-31","0.411303"
"600737","2010-12-31","0.484228"
"600738","2010-12-31","0.443749"
"600739","2010-12-31","0.491295"
"600740","2010-12-31","0.415292"
"600741","2010-12-31","0.404416"
"600742","2010-12-31","0.486236"
"600743","2010-12-31","0.434909"
"600744","2010-12-31","0.365447"
"600745","2010-12-31","0.450488"
"600746","2010-12-31","0.442229"
"600747","2010-12-31","0.380166"
"600748","2010-12-31","0.491134"
"600749","2010-12-31","0.510563"
"600750","2010-12-31","0.436455"
"600751","2010-12-31","0.375536"
"600753","2010-12-31","0.432543"
"600754","2010-12-31","0.436520"
"600755","2010-12-31","0.357438"
"600756","2010-12-31","0.502778"
"600758","2010-12-31","0.498176"
"600759","2010-12-31","0.548783"
"600760","2010-12-31","0.535174"
"600761","2010-12-31","0.442030"
"600763","2010-12-31","0.548050"
"600764","2010-12-31","0.462288"
"600765","2010-12-31","0.522098"
"600766","2010-12-31","0.409895"
"600767","2010-12-31","0.432990"
"600768","2010-12-31","0.447030"
"600769","2010-12-31","0.444898"
"600770","2010-12-31","0.470275"
"600771","2010-12-31","0.418362"
"600773","2010-12-31","0.627427"
"600774","2010-12-31","0.411053"
"600775","2010-12-31","0.442028"
"600776","2010-12-31","0.395407"
"600777","2010-12-31","0.469943"
"600778","2010-12-31","0.506535"
"600779","2010-12-31","0.385891"
"600780","2010-12-31","0.379078"
"600781","2010-12-31","0.466236"
"600782","2010-12-31","0.378732"
"600783","2010-12-31","0.491771"
"600784","2010-12-31","0.510784"
"600785","2010-12-31","0.393964"
"600787","2010-12-31","0.356016"
"600789","2010-12-31","0.440979"
"600790","2010-12-31","0.426773"
"600791","2010-12-31","0.377873"
"600792","2010-12-31","0.363632"
"600793","2010-12-31","0.361306"
"600794","2010-12-31","0.392019"
"600795","2010-12-31","0.275636"
"600796","2010-12-31","0.468892"
"600797","2010-12-31","0.441169"
"600798","2010-12-31","0.331240"
"600800","2010-12-31","0.405937"
"600801","2010-12-31","0.463904"
"600802","2010-12-31","0.419261"
"600803","2010-12-31","0.422456"
"600804","2010-12-31","0.467309"
"600805","2010-12-31","0.523879"
"600806","2010-12-31","0.400931"
"600807","2010-12-31","0.540715"
"600808","2010-12-31","0.297466"
"600809","2010-12-31","0.385660"
"600810","2010-12-31","0.449653"
"600811","2010-12-31","0.389423"
"600812","2010-12-31","0.432793"
"600814","2010-12-31","0.316641"
"600815","2010-12-31","0.420522"
"600818","2010-12-31","0.534106"
"600819","2010-12-31","0.449956"
"600820","2010-12-31","0.358432"
"600821","2010-12-31","0.426641"
"600822","2010-12-31","0.462134"
"600823","2010-12-31","0.493903"
"600824","2010-12-31","0.399416"
"600825","2010-12-31","0.430735"
"600826","2010-12-31","0.453659"
"600827","2010-12-31","0.489030"
"600828","2010-12-31","0.438734"
"600830","2010-12-31","0.426405"
"600831","2010-12-31","0.511799"
"600832","2010-12-31","0.399623"
"600833","2010-12-31","0.415949"
"600834","2010-12-31","0.475232"
"600835","2010-12-31","0.360234"
"600836","2010-12-31","0.485069"
"600837","2010-12-31","0.401850"
"600838","2010-12-31","0.503159"
"600839","2010-12-31","0.357288"
"600841","2010-12-31","0.402744"
"600843","2010-12-31","0.462086"
"600844","2010-12-31","0.569452"
"600845","2010-12-31","0.377594"
"600846","2010-12-31","0.486647"
"600847","2010-12-31","0.357617"
"600848","2010-12-31","0.497314"
"600850","2010-12-31","0.610719"
"600851","2010-12-31","0.445250"
"600853","2010-12-31","0.342608"
"600854","2010-12-31","0.362292"
"600855","2010-12-31","0.542811"
"600856","2010-12-31","0.403967"
"600857","2010-12-31","0.403658"
"600858","2010-12-31","0.340244"
"600859","2010-12-31","0.336559"
"600860","2010-12-31","0.430762"
"600861","2010-12-31","0.352299"
"600862","2010-12-31","0.496636"
"600863","2010-12-31","0.422233"
"600864","2010-12-31","0.347071"
"600865","2010-12-31","0.374759"
"600866","2010-12-31","0.437422"
"600867","2010-12-31","0.483351"
"600868","2010-12-31","0.287428"
"600869","2010-12-31","0.518595"
"600870","2010-12-31","0.719391"
"600871","2010-12-31","0.341536"
"600872","2010-12-31","0.464460"
"600873","2010-12-31","0.517825"
"600874","2010-12-31","0.387700"
"600875","2010-12-31","0.405608"
"600876","2010-12-31","0.288261"
"600877","2010-12-31","0.529674"
"600879","2010-12-31","0.500372"
"600880","2010-12-31","0.398145"
"600881","2010-12-31","0.348675"
"600882","2010-12-31","0.422460"
"600883","2010-12-31","0.442581"
"600884","2010-12-31","0.511651"
"600885","2010-12-31","0.449035"
"600886","2010-12-31","0.262797"
"600887","2010-12-31","0.403903"
"600888","2010-12-31","0.537782"
"600889","2010-12-31","0.445694"
"600890","2010-12-31","0.423939"
"600892","2010-12-31","0.441917"
"600893","2010-12-31","0.457881"
"600895","2010-12-31","0.361049"
"600896","2010-12-31","0.406740"
"600897","2010-12-31","0.327262"
"600900","2010-12-31","0.199981"
"600960","2010-12-31","0.435661"
"600961","2010-12-31","0.549154"
"600962","2010-12-31","0.467822"
"600963","2010-12-31","0.472575"
"600965","2010-12-31","0.440648"
"600966","2010-12-31","0.378065"
"600967","2010-12-31","0.417454"
"600969","2010-12-31","0.447851"
"600970","2010-12-31","0.430865"
"600971","2010-12-31","0.515887"
"600973","2010-12-31","0.412260"
"600975","2010-12-31","0.437174"
"600976","2010-12-31","0.447096"
"600978","2010-12-31","0.412984"
"600979","2010-12-31","0.431936"
"600980","2010-12-31","0.692739"
"600981","2010-12-31","0.449021"
"600982","2010-12-31","0.357807"
"600983","2010-12-31","0.457824"
"600984","2010-12-31","0.354024"
"600985","2010-12-31","0.397586"
"600986","2010-12-31","0.477175"
"600987","2010-12-31","0.398506"
"600988","2010-12-31","0.413519"
"600990","2010-12-31","0.499622"
"600992","2010-12-31","0.409549"
"600993","2010-12-31","0.394277"
"600995","2010-12-31","0.413094"
"600997","2010-12-31","0.467443"
"600999","2010-12-31","0.328590"
"601001","2010-12-31","0.489374"
"601002","2010-12-31","0.455982"
"601003","2010-12-31","0.418726"
"601005","2010-12-31","0.327247"
"601006","2010-12-31","0.249445"
"601007","2010-12-31","0.356068"
"601008","2010-12-31","0.313812"
"601009","2010-12-31","0.364176"
"601088","2010-12-31","0.339654"
"601099","2010-12-31","0.383046"
"601107","2010-12-31","0.382089"
"601111","2010-12-31","0.487109"
"601166","2010-12-31","0.375705"
"601168","2010-12-31","0.479141"
"601169","2010-12-31","0.345571"
"601186","2010-12-31","0.211978"
"601318","2010-12-31","0.364027"
"601328","2010-12-31","0.283786"
"601333","2010-12-31","0.203231"
"601390","2010-12-31","0.272913"
"601398","2010-12-31","0.242759"
"601588","2010-12-31","0.312758"
"601600","2010-12-31","0.397295"
"601601","2010-12-31","0.381451"
"601618","2010-12-31","0.262935"
"601628","2010-12-31","0.304783"
"601666","2010-12-31","0.473915"
"601668","2010-12-31","0.218969"
"601699","2010-12-31","0.496587"
"601727","2010-12-31","0.356039"
"601766","2010-12-31","0.304981"
"601788","2010-12-31","0.422942"
"601808","2010-12-31","0.446840"
"601857","2010-12-31","0.238739"
"601866","2010-12-31","0.348669"
"601872","2010-12-31","0.298461"
"601888","2010-12-31","0.473162"
"601898","2010-12-31","0.357454"
"601899","2010-12-31","0.423798"
"601918","2010-12-31","0.448991"
"601919","2010-12-31","0.352812"
"601939","2010-12-31","0.216795"
"601958","2010-12-31","0.517640"
"601988","2010-12-31","0.201127"
"601991","2010-12-31","0.285140"
"601998","2010-12-31","0.357737"
"601999","2010-12-31","0.419746"
